{
  "class_names": [
    "Acne and Rosacea Photos",
    "Actinic Keratosis Basal Cell Carcinoma and other Malignant Lesions",
    "Atopic Dermatitis Photos",
    "Bullous Disease Photos",
    "Cellulitis Impetigo and other Bacterial Infections",
    "Eczema Photos",
    "Exanthems and Drug Eruptions",
    "Hair Loss Photos Alopecia and other Hair Diseases",
    "Herpes HPV and other STDs Photos",
    "Light Diseases and Disorders of Pigmentation",
    "Lupus and other Connective Tissue diseases",
    "Melanoma Skin Cancer Nevi and Moles",
    "Nail Fungus and other Nail Disease",
    "Poison Ivy Photos and other Contact Dermatitis",
    "Psoriasis pictures Lichen Planus and related diseases",
    "Scabies Lyme Disease and other Infestations and Bites",
    "Seborrheic Keratoses and other Benign Tumors",
    "Systemic Disease",
    "Tinea Ringworm Candidiasis and other Fungal Infections",
    "Urticaria Hives",
    "Vascular Tumors",
    "Vasculitis Photos",
    "Warts Molluscum and other Viral Infections"
  ],
  "precision_per_class": [
    0.872093023255814,
    0.8125,
    0.6423357664233577,
    0.6090909090909091,
    0.47761194029850745,
    0.7093425605536332,
    0.47586206896551725,
    0.5432098765432098,
    0.49572649572649574,
    0.6054421768707483,
    0.5773195876288659,
    0.7631578947368421,
    0.8015873015873016,
    0.6956521739130435,
    0.6869565217391305,
    0.5149253731343284,
    0.8146964856230032,
    0.6747967479674797,
    0.7280966767371602,
    0.6923076923076923,
    0.8446601941747572,
    0.6697247706422018,
    0.7007299270072993
  ],
  "recall_per_class": [
    0.9615384615384616,
    0.7673611111111112,
    0.7154471544715447,
    0.5929203539823009,
    0.4383561643835616,
    0.6634304207119741,
    0.6831683168316832,
    0.7333333333333333,
    0.5686274509803921,
    0.6223776223776224,
    0.5333333333333333,
    0.75,
    0.7739463601532567,
    0.49230769230769234,
    0.6732954545454546,
    0.6388888888888888,
    0.7434402332361516,
    0.5460526315789473,
    0.7415384615384616,
    0.6792452830188679,
    0.71900826446281,
    0.6952380952380952,
    0.7058823529411765
  ],
  "f1_per_class": [
    0.9146341463414634,
    0.7892857142857143,
    0.676923076923077,
    0.600896860986547,
    0.45714285714285713,
    0.68561872909699,
    0.5609756097560976,
    0.624113475177305,
    0.5296803652968037,
    0.6137931034482758,
    0.5544554455445544,
    0.7565217391304349,
    0.7875243664717348,
    0.5765765765765766,
    0.6800573888091822,
    0.5702479338842975,
    0.7774390243902439,
    0.6036363636363636,
    0.7347560975609756,
    0.6857142857142857,
    0.7767857142857142,
    0.6822429906542056,
    0.7032967032967032
  ]
}