{
  "model_type": "Vision Transformer",
  "train_losses": [
    2.9647295332886086,
    2.5972328361234833,
    2.3684323770046722,
    2.2015004795109747,
    2.054485371399514,
    1.9268017878635324,
    1.7876854365555626,
    1.6900221125930088,
    1.5704874661574015,
    1.466173084917931,
    1.3621444876429234,
    1.2579151382181653,
    1.2060619090958464,
    1.1118683633217463,
    1.0509496178374629,
    0.9898803230884264,
    0.953126805965604,
    0.896174508247444,
    0.8669099859732519,
    0.8118652198367962,
    0.7618552778080826,
    0.5319806649488419,
    0.46756432637694806,
    0.4516251195946714,
    0.4085159277785589,
    0.32249012265023214,
    0.3012530465592618,
    0.27661235477174234,
    0.2767209239541682,
    0.25184108739609795,
    0.23112184324205823,
    0.22120694823524573,
    0.2089572057443608,
    0.19433174292978814,
    0.1851550512846266,
    0.19275293896497128,
    0.18841491196842547
  ],
  "train_accs": [
    13.029504403162564,
    23.172848235520988,
    29.645818602558332,
    33.47046345696471,
    36.69087870412033,
    40.14912900944912,
    44.10876132930514,
    46.281416725589764,
    49.54039982001671,
    52.33656874718776,
    54.93989843800219,
    57.99961432152729,
    59.45876454329241,
    62.63418396863148,
    63.9069229285852,
    65.77103554669924,
    66.9023590666581,
    68.76647168477213,
    69.92350710291187,
    71.20267403741082,
    72.70682008099249,
    80.50395320434531,
    83.03014720061708,
    83.82078806967924,
    85.09352702963297,
    88.23680658224593,
    89.3681301022048,
    90.19091084399305,
    89.90807996400335,
    90.96226778941956,
    91.7786205566626,
    92.13858713119497,
    92.21572282573761,
    92.65282509481263,
    93.15420710933985,
    92.93565597480234,
    93.0449315420711
  ],
  "val_losses": [
    2.5207180535175886,
    2.5411945011066015,
    2.140609686415034,
    2.1056348613474474,
    2.1507200585655957,
    1.8912353967854463,
    1.862097123801055,
    1.8437728903504957,
    1.7916072570715114,
    1.7030467024644413,
    1.6676071534282064,
    1.6610569291380772,
    1.678147738454381,
    1.7219008408575893,
    1.6105648315107206,
    1.6122986395579886,
    1.5821869101419868,
    1.6773736122921405,
    1.7029233417655545,
    1.590593632953464,
    1.6413369823573714,
    1.685295197749566,
    1.7296666627554653,
    1.7005674525653847,
    1.7434557175970602,
    1.7842813769728316,
    1.8459023666345822,
    1.9925355547826888,
    1.8603572522729972,
    1.9019120615272092,
    1.9540964452131462,
    1.9581340921742876,
    1.9651964794448067,
    1.9659981435543377,
    2.0068407341424894,
    2.014613594191291,
    2.0061809609620376
  ],
  "val_accs": [
    26.411794102948527,
    25.087456271864067,
    36.25687156421789,
    36.73163418290854,
    36.40679660169915,
    42.57871064467766,
    44.07796101949025,
    44.72763618190905,
    46.351824087956025,
    50.69965017491254,
    51.79910044977511,
    51.34932533733134,
    52.7736131934033,
    53.74812593703148,
    56.37181409295352,
    56.07196401799101,
    57.37131434282858,
    55.99700149925037,
    56.871564217891056,
    58.82058970514743,
    59.97001499250375,
    63.51824087956022,
    63.5432283858071,
    63.768115942028984,
    63.968015992004,
    66.5167416291854,
    67.06646676661668,
    66.5167416291854,
    66.46676661669166,
    68.1159420289855,
    68.16591704147926,
    68.54072963518242,
    68.74062968515742,
    68.86556721639181,
    68.86556721639181,
    68.99050474762619,
    68.81559220389805
  ],
  "best_val_loss": 1.5821869101419868,
  "best_val_acc": 57.37131434282858,
  "test_loss": 1.5821869101419868,
  "test_acc": 57.37131434282858
}