{
  "train_losses": [
    3.0562823669025856,
    2.8950876276882678,
    2.7761527564518254,
    2.6744428382993113,
    2.5776140205906692,
    2.4870151370794407,
    2.400744154911492,
    2.3312058779588094,
    2.267734466329263,
    2.212066029473174,
    2.1489651870874558,
    2.1079764754529604,
    2.042642037400484,
    1.9732855607402289,
    1.9196854813248379,
    1.8746045900763368,
    1.8219899223372724,
    1.7747615099810867,
    1.7168599722441764,
    1.6757772315565385,
    1.627752945577498,
    1.5944762386128934,
    1.5691619584641257,
    1.525154123019584,
    1.4777010125773293,
    1.4223709688095982,
    1.4100301304003195,
    1.3578755429506546,
    1.3454092556011517,
    1.295393445110762,
    1.2719601723848855,
    1.2431496536131386,
    1.202320201056344,
    1.1929212554079411,
    1.1596488180471716,
    1.1354642228318144,
    1.1006864278987893,
    1.08046417625933,
    1.0711421083509616,
    0.877225293131796,
    0.8063799804736997,
    0.7875927159867085,
    0.7583843126724582,
    0.7583954384452821,
    0.7199845047933715,
    0.646050880173985,
    0.6186850881022148,
    0.5822585302750596,
    0.5755928142832828,
    0.563502985673008,
    0.5381597585685145,
    0.5225102165168322,
    0.5123284105977229,
    0.4967203593725781,
    0.47722119939458946,
    0.45919306619515887,
    0.4475382060494048,
    0.4320834086842276,
    0.4363508899050084,
    0.4351186253482673,
    0.42064422277881086,
    0.4352483035037476,
    0.4296077699165979,
    0.406155932264906,
    0.41834059692076947,
    0.42068286853835735,
    0.40569919077459365
  ],
  "train_accs": [
    10.059780163270553,
    13.755865526772514,
    17.349103297550943,
    20.07456450472456,
    22.54290673008935,
    25.101240599087227,
    27.505303078999805,
    29.562254933470463,
    31.426367551584494,
    32.63482676608601,
    34.145400784212896,
    34.659638747830556,
    36.768014398662984,
    38.61284309314135,
    39.74416661310021,
    40.86263418396863,
    42.6753230057209,
    43.18313299479334,
    44.725846885646334,
    46.00501382014527,
    47.52201581281738,
    48.17124124188468,
    48.77547084913544,
    49.84251462364209,
    51.13453750723147,
    52.47798418718262,
    52.349424696278206,
    54.42566047438452,
    54.997750208909174,
    55.96194639069229,
    56.74615928520923,
    57.38895673973131,
    58.86096291058687,
    58.456000514237964,
    59.45876454329241,
    60.815067172334,
    61.41286880503953,
    62.53776435045317,
    62.99415054316385,
    69.07501446294273,
    70.4891688628913,
    71.37622935013178,
    72.48826894645497,
    72.63611236099506,
    73.27890981551712,
    76.16507038632128,
    77.16783441537571,
    78.16417046988494,
    78.78768400077136,
    78.62055666259562,
    79.37905765893167,
    80.5618049752523,
    80.60680079706884,
    81.54528508067108,
    82.40020569518545,
    82.9722954297101,
    83.30655010606158,
    83.49296136787298,
    83.26798225879025,
    83.74365237513659,
    83.74365237513659,
    83.55724111332519,
    84.1164748987594,
    84.53429324419875,
    83.88506781513145,
    84.30288616057081,
    84.6114289387414
  ],
  "val_losses": [
    2.9007688794003066,
    2.7469626241530554,
    2.760658956559531,
    2.6035011801349213,
    2.4535994919172794,
    2.452591306793381,
    2.377100461262809,
    2.4099597690767975,
    2.3216716371684436,
    2.2489683524486552,
    2.2453544045171414,
    2.1150081293338325,
    2.205430625770909,
    2.100478495333893,
    2.1748838349879978,
    2.049438755408271,
    2.0091057820653773,
    2.038693287354185,
    1.9967616640023917,
    2.0225313589036227,
    1.9551177383122216,
    1.9739401820560998,
    1.9547612132927574,
    1.9106579060365716,
    1.948795302945423,
    1.9699927564539699,
    1.9723574354302182,
    1.8633436317819048,
    1.8324777338620408,
    1.8836251816923815,
    1.877635219271677,
    1.8868224215654348,
    1.8090373303637324,
    1.900462384105649,
    1.7927840490652938,
    1.8306244592816825,
    1.797767378486307,
    1.87982930475243,
    1.813071147831847,
    1.7252973550670887,
    1.6961620007585956,
    1.70377758651252,
    1.7243231728309358,
    1.7475549318898187,
    1.738523353701012,
    1.749809156747097,
    1.6496888393150324,
    1.6962805801404355,
    1.7068035327444462,
    1.678671032603574,
    1.7046853726380968,
    1.702752617620877,
    1.6933097514378155,
    1.6824817624818755,
    1.7320837580577555,
    1.7283838662022977,
    1.723273734710053,
    1.7169770279359369,
    1.7207463790847646,
    1.7256338930266968,
    1.7261739732457355,
    1.7071398506736462,
    1.721914345179397,
    1.7165709659742447,
    1.709847984468519,
    1.7166832627201465,
    1.7251406902825577
  ],
  "val_accs": [
    15.667166416791604,
    20.164917541229386,
    17.566216891554223,
    23.963018490754624,
    27.48625687156422,
    25.73713143428286,
    29.08545727136432,
    29.560219890054974,
    29.985007496251875,
    32.68365817091454,
    32.85857071464268,
    36.656671664167916,
    35.23238380809595,
    37.23138430784608,
    34.95752123938031,
    38.30584707646177,
    39.63018490754623,
    39.03048475762119,
    39.88005997001499,
    39.90504747626187,
    41.754122938530735,
    40.804597701149426,
    42.12893553223388,
    43.30334832583708,
    42.37881059470265,
    44.22788605697151,
    42.453773113443276,
    45.67716141929036,
    46.25187406296852,
    44.7776111944028,
    45.902048975512244,
    46.40179910044977,
    48.425787106446776,
    45.85207396301849,
    48.7256371814093,
    47.551224387806094,
    47.95102448775612,
    47.426286856571714,
    47.20139930034983,
    53.47326336831584,
    53.823088455772115,
    53.27336331834083,
    53.72313843078461,
    53.49825087456272,
    54.247876061969016,
    54.27286356821589,
    56.04697651174413,
    56.07196401799101,
    56.596701649175415,
    56.871564217891056,
    57.62118940529735,
    57.74612693653173,
    58.19590204897551,
    58.02098950524738,
    57.671164417791104,
    58.34582708645677,
    58.77061469265367,
    58.82058970514743,
    58.97051474262869,
    58.8455772113943,
    59.12043978010995,
    59.44527736131934,
    59.320339830084954,
    59.24537731134433,
    59.52023988005997,
    59.1704147926037,
    59.470264867566215
  ],
  "best_val_loss": 1.6496888393150324,
  "best_val_acc": 56.04697651174413,
  "test_loss": 1.6496888393150324,
  "test_acc": 56.04697651174413
}